step,loss_lowbit_no_sr,loss_lowbit_sr,loss_no_compression
1,2.836324453353882,3.0835700035095215,3.0539824962615967
2,3.456390857696533,3.184114933013916,3.310910701751709
3,3.235522747039795,3.0480921268463135,3.2192325592041016
4,2.995943069458008,2.959761381149292,2.795792579650879
5,3.360687255859375,3.268400192260742,3.1204233169555664
6,2.7968034744262695,2.8048837184906006,2.608504295349121
7,2.8837192058563232,2.9760608673095703,3.102663040161133
8,2.930577516555786,2.963869571685791,2.9129695892333984
